pmid,doi,title,pdf_filename,notes
PMID:9435151,,,,fully open access: PMC full-text XML + open license (verified 2026-09-28)
PMID:16674831,,,,fully open access: PMC full-text XML + open license (verified 2026-09-28)
PMID:16835057,,,,fully open access: PMC full-text XML + open license (verified 2026-09-28)
PMID:18479529,,,,fully open access: PMC full-text XML + open license (verified 2026-09-28)
PMID:19440509,,,,fully open access: PMC full-text XML + open license (verified 2026-09-28)
PMID:20420656,10.1186/1743-8977-7-11,Effects of ultrafine particles-induced oxidative stress on Clara cells in allergic lung inflammation.,Alessandrini_2010_NKAP5TSF.pdf,from Zotero (resolved from DOI); fully open access: PMC full-text XML + open license (verified 2026-09-28)
PMID:20663163,,,,fully open access: PMC full-text XML + open license (verified 2026-09-28)
PMID:21362158,,,,fully open access: PMC full-text XML + open license (verified 2026-09-28)
PMID:21658250,,,,fully open access: PMC full-text XML + open license (verified 2026-09-28)
PMID:22792237,,,,fully open access: PMC full-text XML + open license (verified 2026-09-28)
PMID:22973232,10.3389/fphys.2012.00342,Effects of second hand smoke on airway secretion and mucociliary clearance.,Liu_2012_HRDSLRUM.pdf,from Zotero (resolved from DOI); fully open access: PMC full-text XML + open license (verified 2026-09-28)
PMID:23228165,,,,fully open access: PMC full-text XML + open license (verified 2026-09-28)
PMID:23777718,10.5539/gjhs.v5n4p28,"Relationship between household air pollution from biomass smoke exposure, and pulmonary dysfunction, oxidant-antioxidant imbalance and systemic inflammation in  rural women and children in Nigeria.",Oluwole_2013_2X8JVBVD.pdf,from Zotero (resolved from DOI); fully open access: PMC full-text XML + open license (verified 2026-09-28)
PMID:23856009,,,,fully open access: PMC full-text XML + open license (verified 2026-09-28)
PMID:23875733,,,,fully open access: PMC full-text XML + open license (verified 2026-09-28)
PMID:24025094,,,,fully open access: PMC full-text XML + open license (verified 2026-09-28)
PMID:24376700,,,,fully open access: PMC full-text XML + open license (verified 2026-09-28)
PMID:25000149,,,,fully open access: PMC full-text XML + open license (verified 2026-09-28)
PMID:25296361,,,,fully open access: PMC full-text XML + open license (verified 2026-09-28)
PMID:25512042,,,,fully open access: PMC full-text XML + open license (verified 2026-09-28)
PMID:25641363,10.1038/srep08163,Cigarette smoke alters primary human bronchial epithelial cell differentiation at the air-liquid interface.,Schamberger_2015_DA2D5ZBT.pdf,from Zotero (resolved from DOI); fully open access: PMC full-text XML + open license (verified 2026-09-28)
PMID:25673499,,,,fully open access: PMC full-text XML + open license (verified 2026-09-28)
PMID:25890605,,,,fully open access: PMC full-text XML + open license (verified 2026-09-28)
PMID:26066648,,,,fully open access: PMC full-text XML + open license (verified 2026-09-28)
PMID:26147538,,,,fully open access: PMC full-text XML + open license (verified 2026-09-28)
PMID:26598085,,,,fully open access: PMC full-text XML + open license (verified 2026-09-28)
PMID:27347301,,,,fully open access: PMC full-text XML + open license (verified 2026-09-28)
PMID:27711222,,,,fully open access: PMC full-text XML + open license (verified 2026-09-28)
PMID:28615020,,,,fully open access: PMC full-text XML + open license (verified 2026-09-28)
PMID:28617349,,,,fully open access: PMC full-text XML + open license (verified 2026-09-28)
PMID:28894207,10.1038/s41598-017-11541-1,Positive feedback of the amphiregulin-EGFR-ERK pathway mediates PM2.5 from wood smoke-induced MUC5AC expression in epithelial cells.,Huang_2017_Z4YJYGS2.pdf,from Zotero (resolved from DOI); fully open access: PMC full-text XML + open license (verified 2026-09-28)
PMID:28946937,,,,fully open access: PMC full-text XML + open license (verified 2026-09-28)
PMID:29329563,,,,fully open access: PMC full-text XML + open license (verified 2026-09-28)
PMID:29386584,,,,fully open access: PMC full-text XML + open license (verified 2026-09-28)
PMID:29540228,,,,fully open access: PMC full-text XML + open license (verified 2026-09-28)
PMID:29614747,10.3390/nano8040213,Low Dose Carbon Black Nanoparticle Exposure Does Not Aggravate Allergic Airway Inflammation in Mice Irrespective of the Presence of Surface Polycyclic Aromatic  Hydrocarbons.,Lindner_2018_MKLJUY7J.pdf,from Zotero (resolved from DOI); fully open access: PMC full-text XML + open license (verified 2026-09-28)
PMID:29861437,,,,fully open access: PMC full-text XML + open license (verified 2026-09-28)
PMID:30053865,,,,fully open access: PMC full-text XML + open license (verified 2026-09-28)
PMID:30570336,,,,fully open access: PMC full-text XML + open license (verified 2026-09-28)
PMID:32349371,,,,fully open access: PMC full-text XML + open license (verified 2026-09-28)
PMID:32454790,10.1155/2020/4260204,Exposure to Air Pollution Exacerbates Inflammation in Rats with Preexisting COPD.,Wang_2020_XMY4NFI6.pdf,from Zotero (resolved from DOI); fully open access: PMC full-text XML + open license (verified 2026-09-28)
PMID:32471097,,,,fully open access: PMC full-text XML + open license (verified 2026-09-28)
PMID:32580518,,,,fully open access: PMC full-text XML + open license (verified 2026-09-28)
PMID:33008417,,,,fully open access: PMC full-text XML + open license (verified 2026-09-28)
PMID:33235610,,,,fully open access: PMC full-text XML + open license (verified 2026-09-28)
PMID:33620067,,,,fully open access: PMC full-text XML + open license (verified 2026-09-28)
PMID:33996505,,,,fully open access: PMC full-text XML + open license (verified 2026-09-28)
PMID:34345855,10.1016/j.crtox.2021.02.004,Multi-endpoint analysis of human 3D airway epithelium following repeated exposure to whole electronic vapor product aerosol or cigarette smoke,Czekala_2021_6EFL8STU.pdf,from Zotero (resolved from DOI); fully open access: PMC full-text XML + open license (verified 2026-09-28)
PMID:34702270,,,,fully open access: PMC full-text XML + open license (verified 2026-09-28)
PMID:35103485,,,,fully open access: PMC full-text XML + open license (verified 2026-09-28)
PMID:35453536,,,,fully open access: PMC full-text XML + open license (verified 2026-09-28)
PMID:36076291,,,,fully open access: PMC full-text XML + open license (verified 2026-09-28)
PMID:36608590,,,,fully open access: PMC full-text XML + open license (verified 2026-09-28)
PMID:36608946,,,,fully open access: PMC full-text XML + open license (verified 2026-09-28)
PMID:36695591,,,,fully open access: PMC full-text XML + open license (verified 2026-09-28)
PMID:37141245,,,,fully open access: PMC full-text XML + open license (verified 2026-09-28)
PMID:37809009,,,,fully open access: PMC full-text XML + open license (verified 2026-09-28)
PMID:38178075,,,,fully open access: PMC full-text XML + open license (verified 2026-09-28)
PMID:38480609,,,,fully open access: PMC full-text XML + open license (verified 2026-09-28)
PMID:38809424,10.18632/aging.205785,Effects of PM2.5 on mucus hypersecretion in airway through miR-133b-5p/EGFR/Claudin1/MUC5AC axis,Chen_2024_2QGUDQ9Y.pdf,from Zotero (resolved from DOI); fully open access: PMC full-text XML + open license (verified 2026-09-28)
PMID:38892239,,,,fully open access: PMC full-text XML + open license (verified 2026-09-28)
PMID:39113893,10.7150/ijms.96777,PM2.5 Exposure Inhibits Transepithelial Anion Short-circuit Current by Downregulating P2Y2 Receptor/CFTR Pathway,Liu_2024_UX2RGJ3P.pdf,from Zotero (resolved from DOI); fully open access: PMC full-text XML + open license (verified 2026-09-28)
PMID:39199248,,,,fully open access: PMC full-text XML + open license (verified 2026-09-28)
PMID:39492664,,,,fully open access: PMC full-text XML + open license (verified 2026-09-28)
PMID:39578555,,,,fully open access: PMC full-text XML + open license (verified 2026-09-28)
PMID:39682757,,,,fully open access: PMC full-text XML + open license (verified 2026-09-28)
PMID:39819386,,,,fully open access: PMC full-text XML + open license (verified 2026-09-28)
PMID:39877635,,,,fully open access: PMC full-text XML + open license (verified 2026-09-28)
PMID:40352850,,,,fully open access: PMC full-text XML + open license (verified 2026-09-28)
PMID:40565346,,,,fully open access: PMC full-text XML + open license (verified 2026-09-28)
PMID:40595727,,,,fully open access: PMC full-text XML + open license (verified 2026-09-28)
PMID:40629394,,,,fully open access: PMC full-text XML + open license (verified 2026-09-28)
PMID:40681630,,,,fully open access: PMC full-text XML + open license (verified 2026-09-28)
PMID:41142801,,,,fully open access: PMC full-text XML + open license (verified 2026-09-28)
PMID:41158558,,,,fully open access: PMC full-text XML + open license (verified 2026-09-28)
PMID:41171826,,,,fully open access: PMC full-text XML + open license (verified 2026-09-28)
PMID:41300500,,,,fully open access: PMC full-text XML + open license (verified 2026-09-28)
PMID:41420180,,,,fully open access: PMC full-text XML + open license (verified 2026-09-28)
PMID:41469766,,,,fully open access: PMC full-text XML + open license (verified 2026-09-28)
PMID:41600570,,,,fully open access: PMC full-text XML + open license (verified 2026-09-28)
PMID:41674312,,,,fully open access: PMC full-text XML + open license (verified 2026-09-28)
PMID:42079210,,,,fully open access: PMC full-text XML + open license (verified 2026-09-28)
PMID:42133592,,,,fully open access: PMC full-text XML + open license (verified 2026-09-28)
PMID:42153209,,,,fully open access: PMC full-text XML + open license (verified 2026-09-28)
PMID:42194752,,,,fully open access: PMC full-text XML + open license (verified 2026-09-28)
PMID:42336761,10.1016/j.ebiom.2026.106334,A cross-sectional study of oxidative stress pathway genotypes and their interactions with environmental pollutant levels identifies associations with  gene expression and lung function.,Xue_2026_Z4ZGZCNZ.pdf,from Zotero (resolved from DOI); fully open access: PMC full-text XML + open license (verified 2026-09-28)
PMID:42386309,,,,fully open access: PMC full-text XML + open license (verified 2026-09-28)
PMID:42422088,,,,fully open access: PMC full-text XML + open license (verified 2026-09-28)
