curie,label,retrieved_at
UO:0000010,second,2026-09-29T15:43:59.658714
UO:0000017,micrometer,2026-09-28T16:42:06.414213
UO:0000019,angstrom,2026-09-29T15:42:28.952162
UO:0000022,milligram,2026-09-29T15:43:53.061926
UO:0000024,nanogram,2026-09-29T15:43:42.931209
UO:0000031,minute,2026-09-28T16:49:21.042339
UO:0000032,hour,2026-09-14T10:18:43.495261
UO:0000033,day,2026-09-14T10:18:44.855493
UO:0000034,week,2026-09-14T10:18:47.671487
UO:0000036,year,2026-09-29T15:42:31.860278
UO:0000063,millimolar,2026-09-29T15:44:15.572280
UO:0000064,micromolar,2026-09-14T10:18:42.818001
UO:0000065,nanomolar,2026-09-28T16:42:04.781975
UO:0000098,milliliter,2026-09-29T15:42:33.366902
UO:0000103,picoliter,2026-09-29T15:42:31.150114
UO:0000106,hertz,2026-09-28T16:40:07.789654
UO:0000169,parts per million,2026-09-29T15:42:30.475980
UO:0000170,parts per billion,2026-09-29T15:43:53.774723
UO:0000175,gram per liter,2026-09-29T15:42:56.023020
UO:0000176,milligram per milliliter,2026-09-29T15:42:57.399258
UO:0000187,percent,2026-09-14T10:18:45.530617
UO:0000189,count unit,2026-09-29T15:43:10.289206
UO:0000190,ratio unit,2026-09-29T15:43:35.976670
UO:0000196,pH,2026-09-29T15:42:32.593518
UO:0000209,deciliter,2026-09-29T15:42:56.710592
UO:0000247,millivolt,2026-09-29T15:43:04.714688
UO:0000274,microgram per milliliter,2026-09-14T10:20:06.533056
UO:0000275,nanogram per milliliter,2026-09-29T15:43:30.518116
UO:0000298,centi,2026-09-29T15:43:36.689280
UO:0000308,milligram per kilogram,2026-09-14T10:18:46.974996
UO:0000311,milligram per kilogram per day,2026-09-28T16:51:57.687443
UO:0010070,picogram per milliliter,2026-09-18T08:03:07.694792
UO:0010071,microgram per square centimeter,2026-09-18T08:03:07.694792
